sim_time,real_time,truck_id,mode,SOC(%),position(m),velocity(km/h)
81.0067,1.76008e+09,truck2,FV2,66.7954,0,0
81.1067,1.76008e+09,truck2,FV2,97.7268,0,0
81.1867,1.76008e+09,truck2,FV2,97.8819,0,0
81.2667,1.76008e+09,truck2,FV2,98.0766,0,0
81.4267,1.76008e+09,truck2,FV2,98.2918,0,0
81.5267,1.76008e+09,truck2,FV2,98.5093,0,0
81.6067,1.76008e+09,truck2,FV2,98.7141,0,0
81.6867,1.76008e+09,truck2,FV2,98.8971,0,0
81.7667,1.76008e+09,truck2,FV2,99.0544,0,0
81.8667,1.76008e+09,truck2,FV2,99.186,0,0
82.0267,1.76008e+09,truck2,FV2,99.2945,0,0
82.1267,1.76008e+09,truck2,FV2,99.3834,0,0
82.2067,1.76008e+09,truck2,FV2,99.4562,0,0
82.2867,1.76008e+09,truck2,FV2,99.5161,0,0
82.3867,1.76008e+09,truck2,FV2,99.5657,0,0
82.4667,1.76008e+09,truck2,FV2,99.6072,0,0
82.6467,1.76008e+09,truck2,FV2,99.6422,0,0
82.7267,1.76008e+09,truck2,FV2,99.6721,0,0
82.8267,1.76008e+09,truck2,FV2,99.6978,0,0
82.9067,1.76008e+09,truck2,FV2,99.7201,0,0
82.9867,1.76008e+09,truck2,FV2,99.7396,0,0
83.0867,1.76008e+09,truck2,FV2,99.7568,0,0
83.1667,1.76008e+09,truck2,FV2,99.7721,0,0
83.3467,1.76008e+09,truck2,FV2,99.7857,0,0
83.4267,1.76008e+09,truck2,FV2,99.7979,0,0
83.5067,1.76008e+09,truck2,FV2,99.8089,0,0
83.6067,1.76008e+09,truck2,FV2,99.8187,0,0
83.6867,1.76008e+09,truck2,FV2,99.8277,0,0
83.7667,1.76008e+09,truck2,FV2,99.8357,0,0
83.8667,1.76008e+09,truck2,FV2,99.843,0,0
84.0267,1.76008e+09,truck2,FV2,99.8497,0,0
84.1267,1.76008e+09,truck2,FV2,99.8557,0,0
84.2067,1.76008e+09,truck2,FV2,99.8612,0,0
84.2867,1.76008e+09,truck2,FV2,99.8662,0,0
84.3867,1.76008e+09,truck2,FV2,99.8708,0,0
84.4667,1.76008e+09,truck2,FV2,99.8749,0,0
84.5667,1.76008e+09,truck2,FV2,99.8787,0,0
84.7267,1.76008e+09,truck2,FV2,99.8822,0,0
84.8267,1.76008e+09,truck2,FV2,99.8853,0,0
84.9067,1.76008e+09,truck2,FV2,99.8882,0,0
84.9867,1.76008e+09,truck2,FV2,99.8908,0,0
85.0867,1.76008e+09,truck2,FV2,99.8933,0,0
85.1667,1.76008e+09,truck2,FV2,99.8955,0,0
85.3467,1.76008e+09,truck2,FV2,99.8975,0,0
85.4267,1.76008e+09,truck2,FV2,99.8993,0,0
85.5067,1.76008e+09,truck2,FV2,99.901,0,0
85.6067,1.76008e+09,truck2,FV2,99.9025,0,0
85.6867,1.76008e+09,truck2,FV2,99.9039,0,0
85.7867,1.76008e+09,truck2,FV2,99.9052,0,0
85.8667,1.76008e+09,truck2,FV2,99.9064,0,0
86.0467,1.76008e+09,truck2,FV2,99.9075,0,0
86.1267,1.76008e+09,truck2,FV2,99.9085,0,0
86.2067,1.76008e+09,truck2,FV2,99.9094,0,0
86.3067,1.76008e+09,truck2,FV2,99.9103,0,0
86.3867,1.76008e+09,truck2,FV2,99.911,0,0
86.4867,1.76008e+09,truck2,FV2,99.9117,0,0
86.5667,1.76008e+09,truck2,FV2,99.9124,0,0
86.7467,1.76008e+09,truck2,FV2,99.913,0,0
86.8267,1.76008e+09,truck2,FV2,99.9135,0,0
86.9067,1.76008e+09,truck2,FV2,99.9141,0,0
87.0067,1.76008e+09,truck2,FV2,99.9145,0,0
87.0867,1.76008e+09,truck2,FV2,99.9149,0,0
87.1667,1.76008e+09,truck2,FV2,99.9153,0,0
87.2667,1.76008e+09,truck2,FV2,99.9157,0,0
87.4267,1.76008e+09,truck2,FV2,99.916,0,0
87.5267,1.76008e+09,truck2,FV2,99.9164,0,0
87.6067,1.76008e+09,truck2,FV2,99.9166,0,0
87.7067,1.76008e+09,truck2,FV2,99.9169,0,0
87.7867,1.76008e+09,truck2,FV2,99.9171,0,0
87.8667,1.76008e+09,truck2,FV2,99.9174,0,0
87.9667,1.76008e+09,truck2,FV2,99.9176,0,0
88.1267,1.76008e+09,truck2,FV2,99.9178,0,0
88.2267,1.76008e+09,truck2,FV2,99.9179,0,0
88.3067,1.76008e+09,truck2,FV2,99.9181,0,0
88.3867,1.76008e+09,truck2,FV2,99.9183,0,0
88.4867,1.76008e+09,truck2,FV2,99.9184,0,0
88.5667,1.76008e+09,truck2,FV2,99.9185,0,0
88.6667,1.76008e+09,truck2,FV2,99.9186,0,0
88.8267,1.76008e+09,truck2,FV2,99.9187,0,0
88.9267,1.76008e+09,truck2,FV2,99.9188,0,0
89.0067,1.76008e+09,truck2,FV2,99.9189,0,0
89.0867,1.76008e+09,truck2,FV2,99.919,0,0
89.1867,1.76008e+09,truck2,FV2,99.9191,0,0
89.2667,1.76008e+09,truck2,FV2,99.9192,0,0
89.4467,1.76008e+09,truck2,FV2,99.9192,0,0
89.5267,1.76008e+09,truck2,FV2,99.9193,0,0
89.6267,1.76008e+09,truck2,FV2,99.9194,0,0
89.7067,1.76008e+09,truck2,FV2,99.9194,0,0
89.7867,1.76008e+09,truck2,FV2,99.9195,0,0
89.8867,1.76008e+09,truck2,FV2,99.9195,0,0
89.9667,1.76008e+09,truck2,FV2,99.9196,0,0
90.1467,1.76008e+09,truck2,FV2,99.9196,0,0
90.2267,1.76008e+09,truck2,FV2,99.9196,0,0
90.3067,1.76008e+09,truck2,FV2,99.9197,0,0
90.4067,1.76008e+09,truck2,FV2,99.9197,0,0
90.4867,1.76008e+09,truck2,FV2,99.9197,0,0
90.5867,1.76008e+09,truck2,FV2,99.9197,0,0
90.6667,1.76008e+09,truck2,FV2,99.9198,0,0
90.8467,1.76008e+09,truck2,FV2,99.9198,0,0
90.9267,1.76008e+09,truck2,FV2,99.9198,0,0
91.0067,1.76008e+09,truck2,FV2,99.9198,0,0
91.1067,1.76008e+09,truck2,FV2,99.9199,0,0
91.1867,1.76008e+09,truck2,FV2,99.9199,0,0
91.2867,1.76008e+09,truck2,FV2,99.9199,0,0
91.3667,1.76008e+09,truck2,FV2,99.9199,0,0
91.5467,1.76008e+09,truck2,FV2,99.9199,0,0
91.6267,1.76008e+09,truck2,FV2,99.9199,0,0
91.7067,1.76008e+09,truck2,FV2,99.9199,0,0
91.8067,1.76008e+09,truck2,FV2,99.9199,0,0
91.8867,1.76008e+09,truck2,FV2,99.92,0,0
91.9667,1.76008e+09,truck2,FV2,99.92,0,0
92.0667,1.76008e+09,truck2,FV2,99.92,0,0
92.2267,1.76008e+09,truck2,FV2,99.92,0,0
92.3267,1.76008e+09,truck2,FV2,99.92,0,0
92.4067,1.76008e+09,truck2,FV2,99.92,0,0
92.5067,1.76008e+09,truck2,FV2,99.92,0,0
92.5867,1.76008e+09,truck2,FV2,99.92,0,0
92.6667,1.76008e+09,truck2,FV2,99.92,0,0
92.7667,1.76008e+09,truck2,FV2,99.92,0,0
92.9267,1.76008e+09,truck2,FV2,99.92,0,0
93.0267,1.76008e+09,truck2,FV2,99.92,0,0
93.1067,1.76008e+09,truck2,FV2,99.92,0,0
93.1867,1.76008e+09,truck2,FV2,99.92,0,0
93.2867,1.76008e+09,truck2,FV2,99.92,0,0
93.3667,1.76008e+09,truck2,FV2,99.92,0,0
93.5467,1.76008e+09,truck2,FV2,99.92,0,0
93.6267,1.76008e+09,truck2,FV2,99.92,0,0
93.7067,1.76008e+09,truck2,FV2,99.92,0,0
93.7867,1.76008e+09,truck2,FV2,99.92,0,0
93.8667,1.76008e+09,truck2,FV2,99.92,0,0
93.9667,1.76008e+09,truck2,FV2,99.92,0,0
94.1267,1.76008e+09,truck2,FV2,99.92,0,0
94.2067,1.76008e+09,truck2,FV2,99.9201,0,0
94.2867,1.76008e+09,truck2,FV2,99.9201,0,0
94.3867,1.76008e+09,truck2,FV2,99.9201,0,0
94.4667,1.76008e+09,truck2,FV2,99.9201,0,0
94.6267,1.76008e+09,truck2,FV2,99.9201,0,0
94.7067,1.76008e+09,truck2,FV2,99.9201,0,0
94.8067,1.76008e+09,truck2,FV2,99.9201,0,0
94.8867,1.76008e+09,truck2,FV2,99.9201,0,0
94.9667,1.76008e+09,truck2,FV2,99.9201,0,0
95.1467,1.76008e+09,truck2,FV2,99.9201,0,0
95.2267,1.76008e+09,truck2,FV2,99.9201,0,0
95.3067,1.76008e+09,truck2,FV2,99.9201,0,0
95.4067,1.76008e+09,truck2,FV2,99.9201,0,0
95.4867,1.76008e+09,truck2,FV2,99.9201,0,0
95.5667,1.76008e+09,truck2,FV2,99.9201,0,0
95.6667,1.76008e+09,truck2,FV2,99.9201,0,0
95.8267,1.76008e+09,truck2,FV2,99.9201,0,0
95.9267,1.76008e+09,truck2,FV2,99.9201,0,0
96.0067,1.76008e+09,truck2,FV2,99.9201,0,0
96.0867,1.76008e+09,truck2,FV2,99.9201,0,0
96.1867,1.76008e+09,truck2,FV2,99.9201,0,0.0121314
96.2667,1.76008e+09,truck2,FV2,99.9201,3.36983e-05,0.0242628
96.4467,1.76008e+09,truck2,FV2,99.9201,0.000101095,0.0363942
96.5267,1.76008e+09,truck2,FV2,99.9201,0.00020219,0.0485256
96.6067,1.76008e+09,truck2,FV2,99.9202,0.000336983,0.060657
96.7067,1.76008e+09,truck2,FV2,99.9202,0.000505475,0.0727884
96.7867,1.76008e+09,truck2,FV2,99.9203,0.000707665,0.0849198
96.8867,1.76008e+09,truck2,FV2,99.9203,0.000943553,0.0970512
96.9667,1.76008e+09,truck2,FV2,99.9203,0.00121314,0.109183
97.1467,1.76008e+09,truck2,FV2,99.9204,0.00151642,0.121314
97.2267,1.76008e+09,truck2,FV2,99.9204,0.00185341,0.133445
97.3067,1.76008e+09,truck2,FV2,99.9205,0.00222409,0.145577
97.4067,1.76008e+09,truck2,FV2,99.9205,0.00262847,0.157708
97.4867,1.76008e+09,truck2,FV2,99.9205,0.00306655,0.16984
97.5667,1.76008e+09,truck2,FV2,99.9204,0.00353832,0.181971
97.6667,1.76008e+09,truck2,FV2,99.9204,0.0040438,0.194102
97.8467,1.76008e+09,truck2,FV2,99.9204,0.00458297,0.206234
97.9267,1.76008e+09,truck2,FV2,99.9203,0.00515584,0.218365
98.0067,1.76008e+09,truck2,FV2,99.9203,0.00576241,0.230496
98.1067,1.76008e+09,truck2,FV2,99.9202,0.00640268,0.242628
98.1867,1.76008e+09,truck2,FV2,99.9201,0.00707665,0.254759
98.2667,1.76008e+09,truck2,FV2,99.92,0.00778431,0.266891
98.3667,1.76008e+09,truck2,FV2,99.9198,0.00852567,0.279022
98.5267,1.76008e+09,truck2,FV2,99.9197,0.00930074,0.291153
98.6267,1.76008e+09,truck2,FV2,99.9195,0.0101095,0.303285
98.7067,1.76008e+09,truck2,FV2,99.9194,0.010952,0.315416
98.7867,1.76008e+09,truck2,FV2,99.9192,0.0118281,0.327548
98.8867,1.76008e+09,truck2,FV2,99.919,0.012738,0.339679
98.9667,1.76008e+09,truck2,FV2,99.9188,0.0136815,0.35181
99.1467,1.76008e+09,truck2,FV2,99.9186,0.0146588,0.363942
99.2267,1.76008e+09,truck2,FV2,99.9183,0.0156697,0.376073
99.3267,1.76008e+09,truck2,FV2,99.9181,0.0167144,0.388205
99.4067,1.76008e+09,truck2,FV2,99.9179,0.0177927,0.400336
99.4867,1.76008e+09,truck2,FV2,99.9176,0.0189048,0.412467
99.5867,1.76008e+09,truck2,FV2,99.9174,0.0200505,0.424599
99.6667,1.76008e+09,truck2,FV2,99.9172,0.0212299,0.43673
99.8467,1.76008e+09,truck2,FV2,99.917,0.0224431,0.448862
99.9267,1.76008e+09,truck2,FV2,99.9167,0.0236899,0.460993
100.007,1.76008e+09,truck2,FV2,99.9165,0.0249705,0.473124
100.107,1.76008e+09,truck2,FV2,99.9163,0.0262847,0.485256
100.187,1.76008e+09,truck2,FV2,99.9161,0.0276326,0.497387
100.287,1.76008e+09,truck2,FV2,99.9159,0.0290143,0.509519
100.367,1.76008e+09,truck2,FV2,99.9157,0.0304296,0.52165
100.547,1.76008e+09,truck2,FV2,99.9155,0.0318786,0.533781
100.627,1.76008e+09,truck2,FV2,99.9153,0.0333613,0.545913
100.707,1.76008e+09,truck2,FV2,99.9151,0.0348778,0.5580441100.807,1.76008e+09,truck2,FV2,99.915,0.0364279,0.5701761100.887,1.76008e+09,truck2,FV2,99.9148,0.0380117,0.5823010100.967,1.76008e+09,truck2,FV2,99.9146,0.0396292,0.5944101101.067,1.76008e+09,truck2,FV2,99.9145,0.0412804,0.606101101.247,1.76008e+09,truck2,FV2,99.9143,0.0429654,0.618701
101.327,1.76008e+09,truck2,FV2,99.9142,0.044684,0.630101.101.407,1.76008e+09,truck2,FV2,99.914,0.0464363,0.642101.101.507,1.76008e+09,truck2,FV2,99.9139,0.0482223,0.65101.5101.587,1.76008e+09,truck2,FV2,99.9138,0.050042,0.66101.6101.667,1.76008e+09,truck2,FV2,99.9136,0.0518954,0.101.727101.847,1.76008e+09,truck2,FV2,99.9135,0.0537825,0.691489
101.927,1.76008e+09,truck2,FV2,99.9134,0.0557033,0.703621
102.027,1.76008e+09,truck2,FV2,99.9133,0.0576578102.067,1.102.107,1.76008e+09,truck2,FV2,99.9131,0.059646102.167,1.102.187,1.76008e+09,truck2,FV2,99.913,0.0616679102.247,1.102.287,1.76008e+09,truck2,FV2,99.9129,0.063723102.327,1.7102.367,1.76008e+09,truck2,FV2,99.9128,0.065102.427,1.7600102.547,1.76008e+09,truck2,FV2,99.9127,0.0679358,0.776409
102.627,1.76008e+09,truck2,FV2,99.9126,0.0700925,0.788541
102.727,1.76008e+09,truck2,FV2,99.9125,0102.767,1.76008e+0102.807,1.76008e+09,truck2,FV2,99.9123,102.867,1.76008e+0102.887,1.76008e+09,truck2,FV2,99.9122,102.947,1.76008e+09102.987,1.76008e+09,truck2,FV2,99.912103.027,1.76008e+09,t103.067,1.76008e+09,truck2,FV2,99.91103.127,1.76008e+09,t103.247,1.76008e+09,truck2,FV2,99.9119,0.0837403,0.861329
103.327,1.76008e+09,truck2,FV2,99.9118,0.0861329,0.87346
103.427,1.76008e+09,truck2,FV2,99.9103.467,1.76008e+09,tru103.507,1.76008e+09,truck2,FV2,99.103.567,1.76008e+09,truc103.587,1.76008e+09,truck2,FV2,99103.647,1.76008e+09,truck103.687,1.76008e+09,truck2,FV2,9103.727,1.76008e+09,truck0103.767,1.76008e+09,truck2,FV2103.827,1.76008e+09,truck0,L103.947,1.76008e+09,truck2,FV2,99.9112,0.101196,0.946249
104.027,1.76008e+09,truck2,FV104.087,1.76008e+09,truck0,104.107,1.76008e+09,truck2,FV104.167,1.76008e+09,truck0,104.207,1.76008e+09,truck2,FV104.247,1.76008e+09,truck0,L104.287,1.76008e+09,truck2,F104.347,1.76008e+09,truck0,LV104.367,1.76008e+09,truck2,104.427,1.76008e+09,truck0,LV104.467,1.76008e+09,truck2,104.507,1.76008e+09,truck0,LV104.627,1.76008e+09,truck2,FV2,99.9105,0.120303,1.03117
104.727,1.76008e+09,truck2104.767,1.76008e+09,truck0,LV104.807,1.76008e+09,truck2,104.867,1.76008e+09,truck0,LV104.907,1.76008e+09,truck104.947,1.76008e+09,truck0,LV,9104.987,1.76008e+09,truc105.047,1.76008e+09,truck0,LV,99105.067,1.76008e+09,tru105.127,1.76008e+09,truck0,LV,9105.167,1.76008e+09,truc105.207,1.76008e+09,truck0,LV,99105.327,1.76008e+09,truck2,FV2,99.9098,0.141061,1.11609
105.427,1.76008e+09,tr105.467,1.76008e+09,truck0,LV,99.9105.507,1.76008e+09105.567,1.76008e+09,truck0,LV,99.9099105.607,1.76008e+105.647,1.76008e+09,truck0,LV,99.9098,0105.687,1.76008e105.747,1.76008e+09,truck0,LV,99.9097,0.105.767,1.76008105.827,1.76008e+09,truck0,LV,99.9095,0.1105.867,1.760105.907,1.76008e+09,truck0,LV,99.9094,0.154106.027,1.76008e+09,truck2,FV2,99.909,0.163471,1.20101
106.127,1.76106.167,1.76008e+09,truck0,LV,99.9092,0.1605106.207,1.7106.267,1.76008e+09,truck0,LV,99.9091,0.16382106.287,1.106.347,1.76008e+09,truck0,LV,99.909,0.16710106.387,1.106.427,1.76008e+09,truck0,LV,99.9088,0.170409106.467,1106.527,1.76008e+09,truck0,LV,99.9084,0.17375,1106.647,1.76008e+09,truck2,FV2,99.9084,0.183993,1.2738
106.727106.787,1.76008e+09,truck0,LV,99.9081,0.180469,1.106.80106.867,1.76008e+09,truck0,LV,99.9084,0.183782,1.1106.9106.967,1.76008e+09,truck0,LV,99.9083,0.187064,1.1106.9107.047,1.76008e+09,truck0,LV,99.9085,0.190379,1.18107.107.127,1.76008e+09,truck0,LV,99.9088,0.193664,1.194107107.227,1.76008e+09,truck0,LV,99.9085,0.196982,1.2066107.347,1.76008e+09,truck2,FV2,99.9076,0.209469,1.35872
1107.487,1.76008e+09,truck0,LV,99.9087,0.203654,1.20758
107.567,1.76008e+09,truck0,LV,99.9088,0.207009,1.19639
107.647,1.76008e+09,truck0,LV,99.9092,0.210332,1.20852
107.747,1.76008e+09,truck0,LV,99.9093,0.213689,1.22065
107.827,1.76008e+09,truck0,LV,99.9093,0.21708,1.23279
107.927,1.76008e+09,truck0,LV,99.9093,0.220504,1.24492
108.108.047,1.76008e+09,truck2,FV2,99.9068,0.236596,1.4108.187,1.76008e+09,truck0,LV,99.9093,0.227454,1.26918
108.267,1.76008e+09,truck0,LV,99.909,0.23098,1.28131
108.347,1.76008e+09,truck0,LV,99.909,0.234539,1.27012
108.447,1.76008e+09,truck0,LV,99.9092,0.238067,1.28225
108.527,1.76008e+09,truck0,LV,99.9092,0.241629,1.29438
108.607,1.76008e+09,truck0,LV,99.9091,0.245224,1.30651
108.707,1.7108.727,1.76008e+09,truck2,FV2,99.9059,0.26108.887,1.76008e+09,truck0,LV,99.9089,0.252516,1.33078
108.967,1.76008e+09,truck0,LV,99.9088,0.256213,1.34291
109.047,1.76008e+09,truck0,LV,99.9087,0.259943,1.35504
109.147,1.76008e+09,truck0,LV,99.9085,0.263707,1.36717
109.227,1.76008e+09,truck0,LV,99.9084,0.267505,1.3793
109.307,1.76008e+09,truck0,LV,99.9082,0.271336,1.39143
109.407,1.76008e109.427,1.76008e+09,truck2,FV2,99.9054,109.567,1.76008e+09,truck0,LV,99.9074,0.2791,1.39237
109.667,1.76008e+09,truck0,LV,99.9076,0.282968,1.38118
109.747,1.76008e+09,truck0,LV,99.9077,0.286805,1.39331
109.827,1.76008e+09,truck0,LV,99.9074,0.290675,1.40544
109.927,1.76008e+09,truck0,LV,99.9074,0.294579,1.39425
110.007,1.76008e+09,tr110.047,1.76008e+09,truck2,FV2,99110.107,1.76008e+09,tru110.127,1.76008e+09,truck2,FV2,9110.267,1.76008e+09,truck0,LV,99.9069,0.306293,1.40525
110.367,1.76008e+09,truck0,LV,99.9072,0.310197,1.39405
110.447,1.76008e+09,truck0,LV,99.9075,0.314069,1.40618
110.527,1.76008e+09,truck0,LV,99.9075,0.317975,1.41832
110.627,1.76008e+09,truck0,LV,99.9075,0.321915,1.43045
110.707,1.76008e+09,truck0,L110.747,1.76008e+09,truck2,110.807,1.76008e+09,truck0,L110.827,1.76008e+09,truck2,110.967,1.76008e+09,truck0,LV,99.9072,0.333871,1.4202
111.067,1.76008e+09,truck0,LV,99.9074,0.337816,1.43233
111.147,1.76008e+09,truck0,LV,99.9074,0.341795,1.44446
111.227,1.76008e+09,truck0,LV,99.9074,0.345807,1.45659
111.327,1.76008e+09,truck0,LV,99.9074,0.349854,1.46872
111.407,1.76008e+09,truck0,LV,99111.447,1.76008e+09,tru111.507,1.76008e+09,truck0,LV,99.111.527,1.76008e+09,tr111.667,1.76008e+09,truck0,LV,99.9069,0.362194,1.48179
111.767,1.76008e+09,truck0,LV,99.9068,0.36631,1.49392
111.847,1.76008e+09,truck0,LV,99.9068,0.37046,1.48273
111.927,1.76008e+09,truck0,LV,99.9067,0.374579,1.49486
112.027,1.76008e+09,truck0,LV,99.9064,0.378731,1.48367
112.107,1.76008e+09,truck0,LV,99.906112.147,1.76008e+09112.207,1.76008e+09,truck0,LV,99.9069112.227,1.76008e+0112.367,1.76008e+09,truck0,LV,99.9069,0.391066,1.49674
112.467,1.76008e+09,truck0,LV,99.9069,0.395224,1.50887
112.547,1.76008e+09,truck0,LV,99.9065,0.399415,1.521
112.627,1.76008e+09,truck0,LV,99.9062,0.40364,1.50981
112.727,1.76008e+09,truck0,LV,99.9065,0.407834,1.49862
112.807,1.76008e+09,truck0,LV,99.9064,0.4119112.847,1.7112.987,1.76008e+09,truck0,LV,99.9062,0.416194,1.49956
113.067,1.76008e+09,truck0,LV,99.9062,0.420359,1.48837
113.147,1.76008e+09,truck0,LV,99.9062,0.424493,1.47718
113.247,1.76008e+09,truck0,LV,99.9066,0.428597,1.46598
113.327,1.76008e+09,truck0,LV,99.907,0.432669,1.47811
113.427,1.76008e+09,truck0,LV,99.9071,0.436775,1.49025
113.507,1.76008e+09,truck0,LV,99.9071,0.440914113.547,1113.687,1.76008e+09,truck0,LV,99.9071,0.445088,1.51451
113.767,1.76008e+09,truck0,LV,99.9068,0.449295,1.52664
113.847,1.76008e+09,truck0,LV,99.9065,0.453535,1.51545
113.947,1.76008e+09,truck0,LV,99.9068,0.457745,1.50426
114.027,1.76008e+09,truck0,LV,99.907,0.461923,1.51639
114.127,1.76008e+09,truck0,LV,99.9067,0.466135,1.52554
114.207,1.76008e+09,truck0,LV,99.9068,0.470373,1.514311114.367,1.76008e+09,truck0,LV,99.907,0.47458,1.52648
114.467,1.76008e+09,truck0,LV,99.9067,0.47882,1.53861
114.547,1.76008e+09,truck0,LV,99.9067,0.483094,1.52742
114.647,1.76008e+09,truck0,LV,99.9065,0.487337,1.53627
114.727,1.76008e+09,truck0,LV,99.9063,0.491604,1.52508
114.807,1.76008e+09,truck0,LV,99.9065,0.49584,1.51389
114.907,1.76008e+09,truck0,LV,99.9068,0.500046,1.52602
115.067,1.76008e+09,truck0,LV,99.9068,0.504284,1.53815
115.167,1.76008e+09,truck0,LV,99.9067,0.508557,1.55028
115.247,1.76008e+09,truck0,LV,99.9063,0.512863,1.56242
115.327,1.76008e+09,truck0,LV,99.9063,0.517204,1.55122
115.427,1.76008e+09,truck0,LV,99.9062,0.521512,1.56336
115.507,1.76008e+09,truck0,LV,99.9059,0.525855,1.56074
115.687,1.76008e+09,truck0,LV,99.9061,0.530191,1.54955
115.767,1.76008e+09,truck0,LV,99.9059,0.534495,1.56168
115.867,1.76008e+09,truck0,LV,99.906,0.538833,1.55048
115.947,1.76008e+09,truck0,LV,99.9062,0.54314,1.56262
116.027,1.76008e+09,truck0,LV,99.9061,0.54748,1.57475
116.127,1.76008e+09,truck0,LV,99.9061,0.551855,1.58688
116.207,1.76008e+09,truck0,LV,99.906,0.556263,1.59901
116.387,1.76008e+09,truck0,LV,99.9059,0.560704,1.60427
116.467,1.76008e+09,truck0,LV,99.9058,0.565161,1.60849
116.547,1.76008e+09,truck0,LV,99.9057,0.569629,1.61217
116.647,1.76008e+09,truck0,LV,99.9056,0.574107,1.61504
116.727,1.76008e+09,truck0,LV,99.9055,0.578593,1.61831
116.807,1.76008e+09,truck0,LV,99.9054,0.583088,1.62157
116.907,1.76008e+09,truck0,LV,99.9052,0.587593,1.62488
117.067,1.76008e+09,truck0,LV,99.9051,0.592106,1.62821
117.167,1.76008e+09,truck0,LV,99.9049,0.596629,1.63162
117.247,1.76008e+09,truck0,LV,99.9048,0.601161,1.63505
117.327,1.76008e+09,truck0,LV,99.9046,0.605703,1.63889
117.427,1.76008e+09,truck0,LV,99.9044,0.610256,1.64231
117.507,1.76008e+09,truck0,LV,99.9043,0.614818,1.64574
117.687,1.76008e+09,truck0,LV,99.9041,0.619389,1.64958
117.767,1.76008e+09,truck0,LV,99.9039,0.623971,1.65303
117.867,1.76008e+09,truck0,LV,99.9038,0.628563,1.65694
117.947,1.76008e+09,truck0,LV,99.9036,0.633166,1.6604
118.027,1.76008e+09,truck0,LV,99.9035,0.637778,1.6659
118.127,1.76008e+09,truck0,LV,99.9033,0.642405,1.66973
118.207,1.76008e+09,truck0,LV,99.9031,0.647044,1.67324
118.387,1.76008e+09,truck0,LV,99.903,0.651691,1.67698
118.467,1.76008e+09,truck0,LV,99.9028,0.65635,1.68048
118.547,1.76008e+09,truck0,LV,99.9027,0.661018,1.68438
118.647,1.76008e+09,truck0,LV,99.9025,0.665697,1.68866
118.727,1.76008e+09,truck0,LV,99.9024,0.670387,1.69222
118.807,1.76008e+09,truck0,LV,99.9023,0.675088,1.6958
118.907,1.76008e+09,truck0,LV,99.9021,0.679798,1.69946
119.067,1.76008e+09,truck0,LV,99.902,0.684519,1.70304
119.167,1.76008e+09,truck0,LV,99.9019,0.68925,1.70668
119.247,1.76008e+09,truck0,LV,99.9018,0.693991,1.71026
119.327,1.76008e+09,truck0,LV,99.9017,0.698741,1.71444
119.427,1.76008e+09,truck0,LV,99.9016,0.703504,1.71807
119.507,1.76008e+09,truck0,LV,99.9015,0.708276,1.72168
119.687,1.76008e+09,truck0,LV,99.9014,0.713058,1.7254
119.767,1.76008e+09,truck0,LV,99.9013,0.717851,1.72906
119.847,1.76008e+09,truck0,LV,99.9012,0.722654,1.73334
119.947,1.76008e+09,truck0,LV,99.9011,0.727469,1.73698
120.027,1.76008e+09,truck0,LV,99.901,0.732294,1.74059
120.107,1.76008e+09,truck0,LV,99.9009,0.737129,1.74446
120.207,1.76008e+09,truck0,LV,99.9008,0.741975,1.74809
120.367,1.76008e+09,truck0,LV,99.9007,0.74683,1.7517
120.447,1.76008e+09,truck0,LV,99.9006,0.751696,1.75542
120.547,1.76008e+09,truck0,LV,99.9006,0.756572,1.75898
120.627,1.76008e+09,truck0,LV,99.9005,0.761459,1.76255
120.707,1.76008e+09,truck0,LV,99.9004,0.766355,1.76552
120.887,1.76008e+09,truck0,LV,99.9003,0.771259,1.77001
120.967,1.76008e+09,truck0,LV,99.9003,0.776175,1.7736
121.047,1.76008e+09,truck0,LV,99.9002,0.781102,1.77718
121.127,1.76008e+09,truck0,LV,99.9001,0.786039,1.78078
121.207,1.76008e+09,truck0,LV,99.9,0.790985,1.78455
121.307,1.76008e+09,truck0,LV,99.9,0.795942,1.78815
121.467,1.76008e+09,truck0,LV,99.8999,0.800909,1.79205
121.547,1.76008e+09,truck0,LV,99.8998,0.805887,1.80418
121.627,1.76008e+09,truck0,LV,99.8994,0.810899,1.81264
121.707,1.76008e+09,truck0,LV,99.8994,0.815934,1.80145
121.807,1.76008e+09,truck0,LV,99.8996,0.820938,1.80576
121.967,1.76008e+09,truck0,LV,99.8995,0.825954,1.81002
122.047,1.76008e+09,truck0,LV,99.8995,0.830982,1.81453
122.127,1.76008e+09,truck0,LV,99.8995,0.836022,1.81456
122.207,1.76008e+09,truck0,LV,99.8995,0.841063,1.82216
122.367,1.76008e+09,truck0,LV,99.8994,0.846124,1.82642
122.467,1.76008e+09,truck0,LV,99.8994,0.851198,1.83071
122.547,1.76008e+09,truck0,LV,99.8994,0.856283,1.83537
122.647,1.76008e+09,truck0,LV,99.8993,0.861381,1.83919
122.727,1.76008e+09,truck0,LV,99.8993,0.86649,1.84249
122.807,1.76008e+09,truck0,LV,99.8993,0.871608,1.84557
122.987,1.76008e+09,truck0,LV,99.8992,0.876735,1.84862
123.067,1.76008e+09,truck0,LV,99.8992,0.88187,1.8521
123.147,1.76008e+09,truck0,LV,99.8991,0.887015,1.8558
123.227,1.76008e+09,truck0,LV,99.8991,0.89217,1.8596
123.307,1.76008e+09,truck0,LV,99.899,0.897335,1.86338
123.467,1.76008e+09,truck0,LV,99.8989,0.902511,1.86709
123.547,1.76008e+09,truck0,LV,99.8989,0.907698,1.87091
123.627,1.76008e+09,truck0,LV,99.8988,0.912894,1.87449
123.707,1.76008e+09,truck0,LV,99.8987,0.918101,1.87826
123.867,1.76008e+09,truck0,LV,99.8987,0.923319,1.88224
123.947,1.76008e+09,truck0,LV,99.8986,0.928547,1.88586
124.027,1.76008e+09,truck0,LV,99.8985,0.933786,1.88949
124.107,1.76008e+09,truck0,LV,99.8985,0.939034,1.89314
124.267,1.76008e+09,truck0,LV,99.8984,0.944293,1.89678
124.367,1.76008e+09,truck0,LV,99.8983,0.949562,1.90043
124.447,1.76008e+09,truck0,LV,99.8982,0.954841,1.90408
124.527,1.76008e+09,truck0,LV,99.8982,0.96013,1.90771
124.607,1.76008e+09,truck0,LV,99.8981,0.965429,1.91136
124.767,1.76008e+09,truck0,LV,99.898,0.970738,1.915
124.827,1.76008e+09,truck0,LV,99.8979,0.976058,1.91862
124.907,1.76008e+09,truck0,LV,99.8979,0.981387,1.92223
125.067,1.76008e+09,truck0,LV,99.8978,0.986727,1.92583
125.147,1.76008e+09,truck0,LV,99.8977,0.992076,1.92943
125.227,1.76008e+09,truck0,LV,99.8977,0.997436,1.93304
125.307,1.76008e+09,truck0,LV,99.8976,1.00281,1.93664
125.467,1.76008e+09,truck0,LV,99.8975,1.00819,1.94023
125.547,1.76008e+09,truck0,LV,99.8975,1.01357,1.94388
125.627,1.76008e+09,truck0,LV,99.8974,1.01897,1.9473
125.707,1.76008e+09,truck0,LV,99.8973,1.02438,1.95155
125.867,1.76008e+09,truck0,LV,99.8973,1.0298,1.95518
125.947,1.76008e+09,truck0,LV,99.8972,1.03524,1.959
126.027,1.76008e+09,truck0,LV,99.8971,1.04068,1.96285
126.107,1.76008e+09,truck0,LV,99.8971,1.04613,1.96664
126.267,1.76008e+09,truck0,LV,99.897,1.05159,1.97051
126.347,1.76008e+09,truck0,LV,99.8969,1.05707,1.97415
126.427,1.76008e+09,truck0,LV,99.8969,1.06255,1.97778
126.547,1.76008e+09,truck0,LV,99.8968,1.06804,1.98142
126.627,1.76008e+09,truck0,LV,99.8967,1.07355,1.98506
126.707,1.76008e+09,truck0,LV,99.8967,1.07906,1.9887
126.867,1.76008e+09,truck0,LV,99.8966,1.08459,1.99233
126.947,1.76008e+09,truck0,LV,99.8966,1.09012,1.99591
127.027,1.76008e+09,truck0,LV,99.8965,1.09566,1.99952
127.107,1.76008e+09,truck0,LV,99.8964,1.10122,2.00379
127.267,1.76008e+09,truck0,LV,99.8964,1.10678,2.00715
127.347,1.76008e+09,truck0,LV,99.8963,1.11236,2.01095
127.427,1.76008e+09,truck0,LV,99.8963,1.11795,2.01459
127.507,1.76008e+09,truck0,LV,99.8962,1.12354,2.01802
127.667,1.76008e+09,truck0,LV,99.8961,1.12915,2.02192
127.747,1.76008e+09,truck0,LV,99.8961,1.13476,2.02553
127.847,1.76008e+09,truck0,LV,99.896,1.14039,2.02917
127.927,1.76008e+09,truck0,LV,99.896,1.14603,2.03281
128.007,1.76008e+09,truck0,LV,99.8959,1.15167,2.03645
128.167,1.76008e+09,truck0,LV,99.8958,1.15733,2.04013
128.247,1.76008e+09,truck0,LV,99.8958,1.163,2.04406
128.327,1.76008e+09,truck0,LV,99.8957,1.16868,2.04805
128.407,1.76008e+09,truck0,LV,99.8957,1.17436,2.05172
128.507,1.76008e+09,truck0,LV,99.8956,1.18006,2.05535
128.667,1.76008e+09,truck0,LV,99.8955,1.18577,2.05901
128.747,1.76008e+09,truck0,LV,99.8955,1.19149,2.063
128.827,1.76008e+09,truck0,LV,99.8954,1.19722,2.06662
128.907,1.76008e+09,truck0,LV,99.8954,1.20296,2.07048
129.087,1.76008e+09,truck0,LV,99.8953,1.20872,2.07428
129.167,1.76008e+09,truck0,LV,99.8952,1.21448,2.07788
129.227,1.76008e+09,truck0,LV,99.8952,1.22025,2.08137
129.307,1.76008e+09,truck0,LV,99.8951,1.22603,2.08542
129.467,1.76008e+09,truck0,LV,99.8951,1.23182,2.08896
129.567,1.76008e+09,truck0,LV,99.895,1.23763,2.0925
129.647,1.76008e+09,truck0,LV,99.8949,1.24344,2.09604
129.727,1.76008e+09,truck0,LV,99.8949,1.24926,2.10018
129.827,1.76008e+09,truck0,LV,99.8948,1.25509,2.1023
129.907,1.76008e+09,truck0,LV,99.8948,1.26093,2.10573
130.067,1.76008e+09,truck0,LV,99.8947,1.26678,2.1092
130.167,1.76008e+09,truck0,LV,99.8947,1.27264,2.11266
130.247,1.76008e+09,truck0,LV,99.8946,1.27851,2.11603
130.327,1.76008e+09,truck0,LV,99.8945,1.28439,2.11819
130.427,1.76008e+09,truck0,LV,99.8945,1.29027,2.12157
130.507,1.76008e+09,truck0,LV,99.8944,1.29617,2.12505
130.687,1.76008e+09,truck0,LV,99.8944,1.30207,2.12849
130.767,1.76008e+09,truck0,LV,99.8943,1.30798,2.13196
130.847,1.76008e+09,truck0,LV,99.8943,1.3139,2.13572
130.947,1.76008e+09,truck0,LV,99.8942,1.31984,2.13915
131.027,1.76008e+09,truck0,LV,99.8942,1.32578,2.14252
131.127,1.76008e+09,truck0,LV,99.8941,1.33173,2.14601
131.207,1.76008e+09,truck0,LV,99.894,1.33769,2.15814
131.307,1.76008e+09,truck0,LV,99.8939,1.34369,2.16255
131.487,1.76008e+09,truck0,LV,99.8939,1.34969,2.17468
131.567,1.76008e+09,truck0,LV,99.8937,1.35573,2.18681
131.667,1.76008e+09,truck0,LV,99.8936,1.36181,2.19505
131.747,1.76008e+09,truck0,LV,99.8935,1.36791,2.20718
131.847,1.76008e+09,truck0,LV,99.8931,1.37404,2.21931
131.927,1.76008e+09,truck0,LV,99.8931,1.3802,2.20812
132.027,1.76008e+09,truck0,LV,99.8929,1.38633,2.22025
132.107,1.76008e+09,truck0,LV,99.893,1.3925,2.20906
132.207,1.76008e+09,truck0,LV,99.8932,1.39864,2.22119
132.307,1.76008e+09,truck0,LV,99.8929,1.40481,2.23332
132.487,1.76008e+09,truck0,LV,99.8926,1.41101,2.22213
132.567,1.76008e+09,truck0,LV,99.8926,1.41718,2.21094
132.667,1.76008e+09,truck0,LV,99.893,1.42333,2.19975
132.747,1.76008e+09,truck0,LV,99.8933,1.42944,2.21188
132.847,1.76008e+09,truck0,LV,99.8935,1.43558,2.22401
132.927,1.76008e+09,truck0,LV,99.8932,1.44176,2.23614
133.027,1.76008e+09,truck0,LV,99.893,1.44797,2.22495
133.107,1.76008e+09,truck0,LV,99.8934,1.45415,2.21376
133.207,1.76008e+09,truck0,LV,99.8938,1.4603,2.22589
133.387,1.76008e+09,truck0,LV,99.8939,1.46648,2.23802
133.467,1.76008e+09,truck0,LV,99.8939,1.4727,2.246
133.567,1.76008e+09,truck0,LV,99.894,1.47894,2.25345
133.647,1.76008e+09,truck0,LV,99.894,1.4852,2.26558
133.747,1.76008e+09,truck0,LV,99.8937,1.49149,2.27771
133.827,1.76008e+09,truck0,LV,99.8937,1.49782,2.26652
133.927,1.76008e+09,truck0,LV,99.894,1.50411,2.27375
134.007,1.76008e+09,truck0,LV,99.8937,1.51043,2.27977
134.107,1.76008e+09,truck0,LV,99.8938,1.51676,2.26858
134.287,1.76008e+09,truck0,LV,99.8937,1.52306,2.28071
134.367,1.76008e+09,truck0,LV,99.8937,1.5294,2.26952
134.467,1.76008e+09,truck0,LV,99.8936,1.5357,2.28165
134.547,1.76008e+09,truck0,LV,99.8934,1.54204,2.27046
134.647,1.76008e+09,truck0,LV,99.8937,1.54835,2.25927
134.727,1.76008e+09,truck0,LV,99.894,1.55462,2.2714
134.827,1.76008e+09,truck0,LV,99.894,1.56093,2.28353
134.907,1.76008e+09,truck0,LV,99.894,1.56728,2.29566
135.007,1.76008e+09,truck0,LV,99.8937,1.57365,2.30779
135.187,1.76008e+09,truck0,LV,99.8934,1.58006,2.2966
135.267,1.76008e+09,truck0,LV,99.8937,1.58644,2.28541
135.367,1.76008e+09,truck0,LV,99.8939,1.59279,2.29754
135.447,1.76008e+09,truck0,LV,99.8939,1.59917,2.30967
135.547,1.76008e+09,truck0,LV,99.8939,1.60559,2.3218
135.627,1.76008e+09,truck0,LV,99.8935,1.61204,2.33393
135.727,1.76008e+09,truck0,LV,99.8932,1.61852,2.32274
135.827,1.76008e+09,truck0,LV,99.8935,1.62497,2.31155
135.907,1.76008e+09,truck0,LV,99.8937,1.6314,2.32368
136.007,1.76008e+09,truck0,LV,99.8937,1.63785,2.33581
136.187,1.76008e+09,truck0,LV,99.8936,1.64434,2.34794
136.267,1.76008e+09,truck0,LV,99.8936,1.65086,2.36008
136.367,1.76008e+09,truck0,LV,99.8935,1.65742,2.37221
136.447,1.76008e+09,truck0,LV,99.8931,1.66401,2.38434
136.547,1.76008e+09,truck0,LV,99.8927,1.67063,2.37315
136.627,1.76008e+09,truck0,LV,99.8929,1.67722,2.36195
136.727,1.76008e+09,truck0,LV,99.8931,1.68378,2.37409
136.807,1.76008e+09,truck0,LV,99.8931,1.69038,2.38622
136.907,1.76008e+09,truck0,LV,99.893,1.69701,2.39835
137.087,1.76008e+09,truck0,LV,99.8929,1.70367,2.41048
137.167,1.76008e+09,truck0,LV,99.8927,1.71036,2.42261
137.267,1.76008e+09,truck0,LV,99.8926,1.71709,2.43474
137.347,1.76008e+09,truck0,LV,99.8924,1.72386,2.44687
137.447,1.76008e+09,truck0,LV,99.8922,1.73065,2.45901
137.527,1.76008e+09,truck0,LV,99.8921,1.73748,2.47114
137.627,1.76008e+09,truck0,LV,99.8919,1.74435,2.48327
137.707,1.76008e+09,truck0,LV,99.8917,1.75125,2.4954
137.807,1.76008e+09,truck0,LV,99.8915,1.75818,2.50753
137.987,1.76008e+09,truck0,LV,99.8913,1.76514,2.51966
138.067,1.76008e+09,truck0,LV,99.8911,1.77214,2.53179
138.167,1.76008e+09,truck0,LV,99.8908,1.77917,2.54393
138.267,1.76008e+09,truck0,LV,99.8906,1.78624,2.55606
138.367,1.76008e+09,truck0,LV,99.8904,1.79334,2.56819
138.447,1.76008e+09,truck0,LV,99.8902,1.80047,2.58032
138.547,1.76008e+09,truck0,LV,99.89,1.80764,2.59245
138.647,1.76008e+09,truck0,LV,99.8898,1.81484,2.60458
138.727,1.76008e+09,truck0,LV,99.8895,1.82208,2.61671
138.827,1.76008e+09,truck0,LV,99.8893,1.82935,2.62884
138.927,1.76008e+09,truck0,LV,99.8891,1.83665,2.64098
139.027,1.76008e+09,truck0,LV,99.8889,1.84399,2.65311
139.107,1.76008e+09,truck0,LV,99.8887,1.85136,2.66524
139.207,1.76008e+09,truck0,LV,99.8885,1.85876,2.67737
139.307,1.76008e+09,truck0,LV,99.8883,1.8662,2.6895
139.487,1.76008e+09,truck0,LV,99.8881,1.87367,2.70163
139.587,1.76008e+09,truck0,LV,99.8879,1.88117,2.71376
139.667,1.76008e+09,truck0,LV,99.8877,1.88871,2.7259
139.767,1.76008e+09,truck0,LV,99.8875,1.89628,2.73803
139.867,1.76008e+09,truck0,LV,99.8873,1.90389,2.75016
139.967,1.76008e+09,truck0,LV,99.8872,1.91153,2.76229
140.047,1.76008e+09,truck0,LV,99.887,1.9192,2.77442
140.147,1.76008e+09,truck0,LV,99.8868,1.92691,2.78655
140.247,1.76008e+09,truck0,LV,99.8866,1.93465,2.79868
140.347,1.76008e+09,truck0,LV,99.8865,1.94242,2.81082
140.427,1.76008e+09,truck0,LV,99.8863,1.95023,2.82295
140.527,1.76008e+09,truck0,LV,99.8861,1.95807,2.83508
140.627,1.76008e+09,truck0,LV,99.886,1.96595,2.84721
140.707,1.76008e+09,truck0,LV,99.8858,1.97385,2.85934
140.807,1.76008e+09,truck0,LV,99.8857,1.9818,2.87147
140.907,1.76008e+09,truck0,LV,99.8855,1.98977,2.8836
53
140.467,1.76008e+09,truck2,FV2,99.8788,2.48025,3.53066
140.567,1.76008e+09,truck2,FV2,99.8786,2.49006,3.54279
140.747,1.76008e+09,truck2,FV2,99.8785,2.4999,3.55492
140.847,1.76008e+09,truck2,FV2,99.8783,2.50977,3.56706
140.947,1.76008e+09,truck2,FV2,99.8782,2.51968,3.57919
141.027,1.76008e+09,truck2,FV2,99.878,2.52963,3.59132
141.127,1.76008e+09,truck2,FV2,99.8779,2.5396,3.60345
141.227,1.76008e+09,truck2,FV2,99.8778,2.54961,3.61558
141.307,1.76008e+09,truck2,FV2,99.8776,2.55965,3.62771
141.407,1.76008e+09,truck2,FV2,99.8775,2.56973,3.63984
141.507,1.76008e+09,truck2,FV2,99.8773,2.57984,3.65198
141.607,1.76008e+09,truck2,FV2,99.8772,2.58999,3.66411
141.687,1.76008e+09,truck2,FV2,99.8771,2.60016,3.67624
